{
  "project_info": {
    "project_number": "819172503778",
    "project_id": "mandi-app-36f41",
    "storage_bucket": "mandi-app-36f41.appspot.com"
  },
  "client": [
    {
      "client_info": {
        "mobilesdk_app_id": "1:819172503778:android:b5f72e5206ec2d169eaebb",
        "android_client_info": {
          "package_name": "com.example.mandi_admin_panel"
        }
      },
      "oauth_client": [],
      "api_key": [
        {
          "current_key": "AIzaSyDhrandgcYTyppYtJmy5xD7my2N6uTgHhs"
        }
      ],
      "services": {
        "appinvite_service": {
          "other_platform_oauth_client": []
        }
      }
    },
    {
      "client_info": {
        "mobilesdk_app_id": "1:819172503778:android:a029ddc30217eae79eaebb",
        "android_client_info": {
          "package_name": "com.example.mandi_app"
        }
      },
      "oauth_client": [],
      "api_key": [
        {
          "current_key": "AIzaSyDhrandgcYTyppYtJmy5xD7my2N6uTgHhs"
        }
      ],
      "services": {
        "appinvite_service": {
          "other_platform_oauth_client": []
        }
      }
    }
  ],
  "configuration_version": "1"
}